<ImportExportXml xmlns:xsi="http://www.w3.org/2001/XMLSchema-instance">
  <Entities>
    <Entity>
      <Name LocalizedName="Organizationx" OriginalName="">Account</Name>
      <EntityInfo>
        <entity Name="Account">
          <LocalizedNames>
            <LocalizedName description="Organizationx" languagecode="1033" />
          </LocalizedNames>
          <LocalizedCollectionNames>
            <LocalizedCollectionName description="Organizationxs" languagecode="1033" />
          </LocalizedCollectionNames>
          <Descriptions>
            <Description description="Business that represents a customer or potential customer. The company that is billed in business transactions." languagecode="1033" />
          </Descriptions>
          <attributes />
          <EntitySetName>accounts</EntitySetName>
          <IsDuplicateCheckSupported>1</IsDuplicateCheckSupported>
          <IsBusinessProcessEnabled>1</IsBusinessProcessEnabled>
          <IsRequiredOffline>0</IsRequiredOffline>
          <IsInteractionCentricEnabled>1</IsInteractionCentricEnabled>
          <IsCollaboration>0</IsCollaboration>
          <AutoRouteToOwnerQueue>0</AutoRouteToOwnerQueue>
          <IsConnectionsEnabled>1</IsConnectionsEnabled>
          <EntityColor>#794300</EntityColor>
          <IsDocumentManagementEnabled>1</IsDocumentManagementEnabled>
          <AutoCreateAccessTeams>0</AutoCreateAccessTeams>
          <IsOneNoteIntegrationEnabled>1</IsOneNoteIntegrationEnabled>
          <IsKnowledgeManagementEnabled>0</IsKnowledgeManagementEnabled>
          <IsSLAEnabled>0</IsSLAEnabled>
          <IsDocumentRecommendationsEnabled>0</IsDocumentRecommendationsEnabled>
          <IsBPFEntity>0</IsBPFEntity>
          <OwnershipTypeMask>UserOwned</OwnershipTypeMask>
          <EntityMask>ActivityPointer</EntityMask>
          <IsAuditEnabled>0</IsAuditEnabled>
          <IsRetrieveAuditEnabled>0</IsRetrieveAuditEnabled>
          <IsRetrieveMultipleAuditEnabled>0</IsRetrieveMultipleAuditEnabled>
          <IsActivity>0</IsActivity>
          <ActivityTypeMask></ActivityTypeMask>
          <IsActivityParty>1</IsActivityParty>
          <IsReplicated>1</IsReplicated>
          <IsReplicationUserFiltered>1</IsReplicationUserFiltered>
          <IsMailMergeEnabled>1</IsMailMergeEnabled>
          <IsVisibleInMobile>1</IsVisibleInMobile>
          <IsVisibleInMobileClient>1</IsVisibleInMobileClient>
          <IsReadOnlyInMobileClient>0</IsReadOnlyInMobileClient>
          <IsOfflineInMobileClient>1</IsOfflineInMobileClient>
          <DaysSinceRecordLastModified>0</DaysSinceRecordLastModified>
          <MobileOfflineFilters>&lt;fetch version="1.0" output-format="xml-platform" mapping="logical" distinct="false"&gt;&lt;entity name="account"&gt;&lt;all-attributes/&gt;&lt;filter type="and"&gt;&lt;condition attribute="statecode" operator="eq" value="0"/&gt;&lt;/filter&gt;&lt;/entity&gt;&lt;/fetch&gt;</MobileOfflineFilters>
          <IsMapiGridEnabled>1</IsMapiGridEnabled>
          <IsReadingPaneEnabled>1</IsReadingPaneEnabled>
          <IsQuickCreateEnabled>1</IsQuickCreateEnabled>
          <SyncToExternalSearchIndex>1</SyncToExternalSearchIndex>
          <IntroducedVersion>5.0.0.0</IntroducedVersion>
          <EnforceStateTransitions>0</EnforceStateTransitions>
          <EntityHelpUrlEnabled>0</EntityHelpUrlEnabled>
          <EntityHelpUrl></EntityHelpUrl>
          <ChangeTrackingEnabled>1</ChangeTrackingEnabled>
          <IsEnabledForExternalChannels>1</IsEnabledForExternalChannels>
          <IsSolutionAware>0</IsSolutionAware>
          <HasRelatedNotes>True</HasRelatedNotes>
          <HasRelatedActivities>True</HasRelatedActivities>
        </entity>
      </EntityInfo>
      <FormXml>
        <forms type="main">
          <systemform>
            <formid>{8448b78f-8f42-454e-8e2a-f8196b0419af}</formid>
            <IntroducedVersion>5.0.0.0</IntroducedVersion>
            <FormPresentation>1</FormPresentation>
            <FormActivationState>1</FormActivationState>
            <form showImage="true">
              <DisplayConditions FallbackForm="true" Order="2" solutionaction="Modified" />
            </form>
            <LocalizedNames>
              <LocalizedName description="Account" languagecode="1033" />
              <LocalizedName description="" languagecode="1036" />
            </LocalizedNames>
            <Descriptions>
              <Description description="Updated default Account form." languagecode="1033" />
              <Description description="Formulaire de compte par défaut mis à jour." languagecode="1036" />
            </Descriptions>
          </systemform>
        </forms>
      </FormXml>
      <SavedQueries>
        <savedqueries>
          <savedquery>
            <IsCustomizable>1</IsCustomizable>
            <CanBeDeleted>1</CanBeDeleted>
            <isquickfindquery>0</isquickfindquery>
            <isprivate>0</isprivate>
            <isdefault>0</isdefault>
            <savedqueryid>{63496e71-bbca-ea11-a812-000d3af357bf}</savedqueryid>
            <layoutxml>
              <grid name="resultset" jump="name" select="1" icon="1" preview="1">
                <row name="result" id="accountid">
                  <cell name="name" width="300" />
                  <cell name="address1_line1" width="150" />
                  <cell name="address1_line2" width="150" />
                  <cell name="address1_line3" width="150" />
                  <cell name="address1_city" width="125" />
                  <cell name="address1_stateorprovince" width="150" />
                  <cell name="address1_postalcode" width="150" />
                  <cell name="address1_country" width="150" />
                </row>
              </grid>
            </layoutxml>
            <querytype>0</querytype>
            <fetchxml>
              <fetch version="1.0" output-format="xml-platform" mapping="logical">
                <entity name="account">
                  <attribute name="name" />
                  <attribute name="address1_city" />
                  <attribute name="address1_country" />
                  <attribute name="address1_stateorprovince" />
                  <attribute name="address1_line1" />
                  <attribute name="address1_line2" />
                  <attribute name="address1_line3" />
                  <attribute name="address1_postalcode" />
                </entity>
              </fetch>
            </fetchxml>
            <IntroducedVersion>1.0</IntroducedVersion>
            <LocalizedNames>
              <LocalizedName description="All Accounts - Address Detail" languagecode="1033" />
            </LocalizedNames>
          </savedquery>
        </savedqueries>
      </SavedQueries>
      <RibbonDiffXml>
        <CustomActions />
        <Templates>
          <RibbonTemplates Id="Mscrm.Templates"></RibbonTemplates>
        </Templates>
        <CommandDefinitions />
        <RuleDefinitions>
          <TabDisplayRules />
          <DisplayRules />
          <EnableRules />
        </RuleDefinitions>
        <LocLabels>
          <LocLabel Id="FieldService.Form.account.MainTab.LocationGroup.DescriptionText">
            <Titles>
              <Title languagecode="1033" description="Location Group" />
              <Title languagecode="1025" description="مجموعة الموقع" />
              <Title languagecode="1026" description="Група по местоположение" />
              <Title languagecode="1027" description="Grup d'ubicacions" />
              <Title languagecode="1029" description="Skupina poloh" />
              <Title languagecode="1030" description="Placeringsgruppe" />
              <Title languagecode="1031" description="Standortgruppe" />
              <Title languagecode="1032" description="Ομάδα θέσεων" />
              <Title languagecode="3082" description="Grupo de ubicaciones" />
              <Title languagecode="1061" description="Asukoharühm" />
              <Title languagecode="1069" description="Kokaleku multzoa" />
              <Title languagecode="1035" description="Sijaintiryhmä" />
              <Title languagecode="1036" description="Groupe d’emplacement" />
              <Title languagecode="1110" description="Grupo de localizacións" />
              <Title languagecode="1037" description="קבוצת מיקומים" />
              <Title languagecode="1081" description="स्थान समूह" />
              <Title languagecode="1050" description="Grupa mjesta" />
              <Title languagecode="1038" description="Helycsoport" />
              <Title languagecode="1057" description="Grup Lokasi" />
              <Title languagecode="1040" description="Gruppo di località" />
              <Title languagecode="1041" description="場所グループ" />
              <Title languagecode="1087" description="Орын тобы" />
              <Title languagecode="1042" description="위치 그룹" />
              <Title languagecode="1063" description="Vietų grupė" />
              <Title languagecode="1062" description="Atrašanās vietas grupa" />
              <Title languagecode="1086" description="Kumpulan Lokasi" />
              <Title languagecode="1044" description="Stedsgruppe" />
              <Title languagecode="1043" description="Locatiegroep" />
              <Title languagecode="1045" description="Grupa lokalizacji" />
              <Title languagecode="1046" description="Grupo Local" />
              <Title languagecode="2070" description="Grupo de Localizações" />
              <Title languagecode="1048" description="Grup de locații" />
              <Title languagecode="1049" description="Группа расположения" />
              <Title languagecode="1051" description="Skupina umiestnení" />
              <Title languagecode="1060" description="Skupina lokacij" />
              <Title languagecode="3098" description="Група локација" />
              <Title languagecode="2074" description="Grupa lokacija" />
              <Title languagecode="1053" description="Platsgrupp" />
              <Title languagecode="1054" description="กลุ่มตำแหน่งที่ตั้ง" />
              <Title languagecode="1055" description="Konumu Grubu" />
              <Title languagecode="1058" description="Група розташувань" />
              <Title languagecode="1066" description="Nhóm Vị trí" />
              <Title languagecode="2052" description="位置组" />
              <Title languagecode="3076" description="地點群組" />
              <Title languagecode="1028" description="地點群組" />
            </Titles>
          </LocLabel>
          <LocLabel Id="FieldService.HomepageGrid.account.MainTab.HomeLocationGroup.DescriptionText">
            <Titles>
              <Title languagecode="1033" description="Home Location Group" />
              <Title languagecode="1025" description="مجموعة الموقع الرئيسي" />
              <Title languagecode="1026" description="Група по начално местоположение" />
              <Title languagecode="1027" description="Grup d'ubicacions d'inici" />
              <Title languagecode="1029" description="Skupina domovských poloh" />
              <Title languagecode="1030" description="Privat placeringsgruppe" />
              <Title languagecode="1031" description="Wohnortgruppe" />
              <Title languagecode="1032" description="Οικιακή ομάδα θέσεων" />
              <Title languagecode="3082" description="Grupo de ubicaciones principales" />
              <Title languagecode="1061" description="Algasukoharühm" />
              <Title languagecode="1069" description="Etxeko kokaleku multzoa" />
              <Title languagecode="1035" description="Kodin sijaintiryhmä" />
              <Title languagecode="1036" description="Groupe d’emplacement du domicile" />
              <Title languagecode="1110" description="Grupo de localizacións de inicio" />
              <Title languagecode="1037" description="קבוצת מיקומי בית" />
              <Title languagecode="1081" description="गृह स्थान समूह" />
              <Title languagecode="1050" description="Početna grupa mjesta" />
              <Title languagecode="1038" description="Lakóhelycsoport" />
              <Title languagecode="1057" description="Grup Lokasi Rumah" />
              <Title languagecode="1040" description="Gruppo di località home" />
              <Title languagecode="1041" description="ホーム場所グループ" />
              <Title languagecode="1087" description="Бастапқы орын тобы" />
              <Title languagecode="1042" description="홈 위치 그룹" />
              <Title languagecode="1063" description="Pagrindinių vietų grupė" />
              <Title languagecode="1062" description="Mītnes atrašanās vietas grupa" />
              <Title languagecode="1086" description="Kumpulan Lokasi Utama" />
              <Title languagecode="1044" description="Hjemmestedsgruppe" />
              <Title languagecode="1043" description="Thuislocatiegroep" />
              <Title languagecode="1045" description="Grupa lokalizacji głównych" />
              <Title languagecode="1046" description="Grupo do Local de Residência" />
              <Title languagecode="2070" description="Grupo de Localizações Principais" />
              <Title languagecode="1048" description="Grup de locații pornire" />
              <Title languagecode="1049" description="Группа домашнего расположения" />
              <Title languagecode="1051" description="Skupina domácich umiestnení" />
              <Title languagecode="1060" description="Skupina domačih lokacij" />
              <Title languagecode="3098" description="Основна група локација" />
              <Title languagecode="2074" description="Osnovna grupa lokacija" />
              <Title languagecode="1053" description="Hemplatsgrupp" />
              <Title languagecode="1054" description="กลุ่มตำแหน่งที่ตั้งที่บ้าน" />
              <Title languagecode="1055" description="Ev Konumu Grubu" />
              <Title languagecode="1058" description="Домашня група розташувань" />
              <Title languagecode="1066" description="Nhóm Vị trí Trang chủ" />
              <Title languagecode="2052" description="起始位置组" />
              <Title languagecode="3076" description="住家地點群組" />
              <Title languagecode="1028" description="住家地點群組" />
            </Titles>
          </LocLabel>
          <LocLabel Id="FieldServiceFieldService.Form.account.MainTab.LocationGroup.B_buttonGeoCode.Description">
            <Titles>
              <Title languagecode="1033" description="Get Geo Codes (Latitude and Longitude) for address" />
              <Title languagecode="1025" description="الحصول على الرموز الجغرافية (خط العرض وخط الطول) للعنوان" />
              <Title languagecode="1026" description="Получаване на геокодове (географска ширина и географска дължина) за адрес" />
              <Title languagecode="1027" description="Obtén codis geogràfics (latitud i longitud) de l'adreça" />
              <Title languagecode="1029" description="Získá geokódy (zeměpisnou šířku a délku) pro adresu." />
              <Title languagecode="1030" description="Hent geokoder (breddegrad og længdegrad) til adresse" />
              <Title languagecode="1031" description="Geocodes (Breiten- und Längengrad) für Adresse abrufen" />
              <Title languagecode="1032" description="Λήψη γεωγραφικών κωδικών (Γεωγραφικό πλάτος και Γεωγραφικό μήκος) για τη διεύθυνση" />
              <Title languagecode="3082" description="Obtener códigos geográficos (latitud y longitud) de dirección" />
              <Title languagecode="1061" description="Aadressi geokoodide (laius- ja pikkuskraadi) hankimine" />
              <Title languagecode="1069" description="Lortu helbidearen kode geografikoak (latitudea eta longitudea)" />
              <Title languagecode="1035" description="Hae maantieteelliset koodit (leveys- ja pituusaste)" />
              <Title languagecode="1036" description="Obtenir les codes géographiques (latitude et longitude) pour l’adresse" />
              <Title languagecode="1110" description="Obter códigos xeográficos (latitude e lonxitude) para o enderezo" />
              <Title languagecode="1037" description="קבל קודים גיאוגרפיים (קו רוחב וקו אורך) עבור הכתובת" />
              <Title languagecode="1081" description="पते के लिए जियो कोड (अक्षांश और देशांतर) प्राप्त करें" />
              <Title languagecode="1050" description="Preuzmite geografske kodove (zemljopisna dužina i širina) za adresu" />
              <Title languagecode="1038" description="A cím földrajzi koordinátáinak (szélesség, hosszúság) meghatározása" />
              <Title languagecode="1057" description="Dapatkan Kode Geografis (Garis Lintang dan Garis Bujur) untuk alamat" />
              <Title languagecode="1040" description="Codici geografici (latitudine e longitudine) per l'indirizzo" />
              <Title languagecode="1041" description="住所のジオコード (緯度と経度) の取得" />
              <Title languagecode="1087" description="Мекенжайларға гео кодтарды (ендік пен бойлық) алу" />
              <Title languagecode="1042" description="주소의 지역 코드(위도 및 경도) 가져오기" />
              <Title languagecode="1063" description="Gauti adreso geokodus (platumą ir ilgumą)" />
              <Title languagecode="1062" description="Iegūt adreses ǵeokodus (koordinātas)" />
              <Title languagecode="1086" description="Dapatkan Kod Geo (Latitud dan Longitud) bagi alamat" />
              <Title languagecode="1044" description="Hent geokoder (breddegrad og lengdegrad) for adresse" />
              <Title languagecode="1043" description="Geocodes (breedte- en lengtegraad) ophalen voor adres" />
              <Title languagecode="1045" description="Pobieranie geokodów (długości i szerokości geograficznej) dla adresu" />
              <Title languagecode="1046" description="Obter Geocódigos (latitude e longitude) do endereço" />
              <Title languagecode="2070" description="Obter Códigos Geográficos (Latitude e Longitude) para o endereço" />
              <Title languagecode="1048" description="Coduri geografice (latitudine și longitudine) pentru adresă" />
              <Title languagecode="1049" description="Получить геокоды (широта и долгота) для адреса" />
              <Title languagecode="1051" description="Získať geografické kódy (zemepisná šírka a zemepisná dĺžka) pre adresu" />
              <Title languagecode="1060" description="Geokodiranje naslova (pridobivanje zemljepisne širine in dolžine)" />
              <Title languagecode="3098" description="Преузмите географске кодове (географска ширина и географска дужина) за адресу" />
              <Title languagecode="2074" description="Preuzmite geografske kodove (geografska širina i geografska dužina) za adresu" />
              <Title languagecode="1053" description="Hämta geokoder (latitud och longitud) för adressen" />
              <Title languagecode="1054" description="รับรหัสพิกัด (ละติจูดและลองจิจูด) ของที่อยู่" />
              <Title languagecode="1055" description="Adres için Coğrafi Kodları (Enlem ve Boylam) alın" />
              <Title languagecode="1058" description="Отримати геокоди (довгота й широта) для адреси" />
              <Title languagecode="1066" description="Nhận Mã Địa lý (Vĩ độ và Kinh độ) cho địa chỉ này" />
              <Title languagecode="2052" description="获取地址的地理代码(纬度和经度)" />
              <Title languagecode="3076" description="取得地址的地理編碼 (緯度和經度)" />
              <Title languagecode="1028" description="取得地址的地理編碼 (緯度和經度)" />
            </Titles>
          </LocLabel>
          <LocLabel Id="FieldServiceFieldService.Form.account.MainTab.LocationGroup.B_buttonGeoCode.LabelText">
            <Titles>
              <Title languagecode="1033" description="Geo Code" />
              <Title languagecode="1025" description="الرمز الجغرافي" />
              <Title languagecode="1026" description="Геокод" />
              <Title languagecode="1027" description="Codi geogràfic" />
              <Title languagecode="1029" description="Geokódovat" />
              <Title languagecode="1030" description="Geokode" />
              <Title languagecode="1031" description="Geocode" />
              <Title languagecode="1032" description="Γεωγραφικός κωδικός" />
              <Title languagecode="3082" description="Código geográfico" />
              <Title languagecode="1061" description="Geokood" />
              <Title languagecode="1069" description="Kode geografikoa" />
              <Title languagecode="1035" description="Maantieteellinen koodi" />
              <Title languagecode="1036" description="Code géographique" />
              <Title languagecode="1110" description="Xeocodificación" />
              <Title languagecode="1037" description="קוד גיאוגרפי" />
              <Title languagecode="1081" description="जियो कोड" />
              <Title languagecode="1050" description="Geografski kod" />
              <Title languagecode="1038" description="Geokódolás" />
              <Title languagecode="1057" description="Kode Geografis" />
              <Title languagecode="1040" description="Codice geografico" />
              <Title languagecode="1041" description="ジオコード" />
              <Title languagecode="1087" description="Гео код" />
              <Title languagecode="1042" description="지역 코드" />
              <Title languagecode="1063" description="Geokodas" />
              <Title languagecode="1062" description="Ģeogrāfiskais kods" />
              <Title languagecode="1086" description="Geo Kod" />
              <Title languagecode="1044" description="Geokode" />
              <Title languagecode="1043" description="Geocode" />
              <Title languagecode="1045" description="Geokodowanie" />
              <Title languagecode="1046" description="Geocódigo" />
              <Title languagecode="2070" description="Código Geográfico" />
              <Title languagecode="1048" description="Geocodare" />
              <Title languagecode="1049" description="Геокод" />
              <Title languagecode="1051" description="Geografický kód" />
              <Title languagecode="1060" description="Geokodiranje" />
              <Title languagecode="3098" description="Географско кодирање" />
              <Title languagecode="2074" description="Geografsko kodiranje" />
              <Title languagecode="1053" description="Geokod" />
              <Title languagecode="1054" description="รหัสพิกัด" />
              <Title languagecode="1055" description="Coğrafi Kod" />
              <Title languagecode="1058" description="Геокод" />
              <Title languagecode="1066" description="Mã Địa lý" />
              <Title languagecode="2052" description="地理编码" />
              <Title languagecode="3076" description="地理編碼" />
              <Title languagecode="1028" description="地理編碼" />
            </Titles>
          </LocLabel>
          <LocLabel Id="FieldServiceFieldService.HomepageGrid.account.MainTab.HomeLocationGroup.B_buttonGeoCodeM.Description">
            <Titles>
              <Title languagecode="1033" description="Get Geo Codes (Latitude and Longitude) for address" />
              <Title languagecode="1025" description="الحصول على الرموز الجغرافية (خط العرض وخط الطول) للعنوان" />
              <Title languagecode="1026" description="Получаване на геокодове (географска ширина и географска дължина) за адрес" />
              <Title languagecode="1027" description="Obtén codis geogràfics (latitud i longitud) de l'adreça" />
              <Title languagecode="1029" description="Získá geokódy (zeměpisnou šířku a délku) pro adresu." />
              <Title languagecode="1030" description="Hent geokoder (breddegrad og længdegrad) til adresse" />
              <Title languagecode="1031" description="Geocodes (Breiten- und Längengrad) für Adresse abrufen" />
              <Title languagecode="1032" description="Λήψη γεωγραφικών κωδικών (Γεωγραφικό πλάτος και Γεωγραφικό μήκος) για τη διεύθυνση" />
              <Title languagecode="3082" description="Obtener códigos geográficos (latitud y longitud) de dirección" />
              <Title languagecode="1061" description="Aadressi geokoodide (laius- ja pikkuskraadi) hankimine" />
              <Title languagecode="1069" description="Lortu helbidearen kode geografikoak (latitudea eta longitudea)" />
              <Title languagecode="1035" description="Hae maantieteelliset koodit (leveys- ja pituusaste)" />
              <Title languagecode="1036" description="Obtenir les codes géographiques (latitude et longitude) pour l’adresse" />
              <Title languagecode="1110" description="Obter códigos xeográficos (latitude e lonxitude) para o enderezo" />
              <Title languagecode="1037" description="קבל קודים גיאוגרפיים (קו רוחב וקו אורך) עבור הכתובת" />
              <Title languagecode="1081" description="पते के लिए जियो कोड (अक्षांश और देशांतर) प्राप्त करें" />
              <Title languagecode="1050" description="Preuzmite geografske kodove (zemljopisna dužina i širina) za adresu" />
              <Title languagecode="1038" description="A cím földrajzi koordinátáinak (szélesség, hosszúság) meghatározása" />
              <Title languagecode="1057" description="Dapatkan Kode Geografis (Garis Lintang dan Garis Bujur) untuk alamat" />
              <Title languagecode="1040" description="Codici geografici (latitudine e longitudine) per l'indirizzo" />
              <Title languagecode="1041" description="住所のジオコード (緯度と経度) の取得" />
              <Title languagecode="1087" description="Мекенжайларға гео кодтарды (ендік пен бойлық) алу" />
              <Title languagecode="1042" description="주소의 지역 코드(위도 및 경도) 가져오기" />
              <Title languagecode="1063" description="Gauti adreso geokodus (platumą ir ilgumą)" />
              <Title languagecode="1062" description="Iegūt adreses ǵeokodus (koordinātas)" />
              <Title languagecode="1086" description="Dapatkan Kod Geo (Latitud dan Longitud) bagi alamat" />
              <Title languagecode="1044" description="Hent geokoder (breddegrad og lengdegrad) for adresse" />
              <Title languagecode="1043" description="Geocodes (breedte- en lengtegraad) ophalen voor adres" />
              <Title languagecode="1045" description="Pobieranie geokodów (długości i szerokości geograficznej) dla adresu" />
              <Title languagecode="1046" description="Obter Geocódigos (latitude e longitude) do endereço" />
              <Title languagecode="2070" description="Obter Códigos Geográficos (Latitude e Longitude) para o endereço" />
              <Title languagecode="1048" description="Coduri geografice (latitudine și longitudine) pentru adresă" />
              <Title languagecode="1049" description="Получить геокоды (широта и долгота) для адреса" />
              <Title languagecode="1051" description="Získať geografické kódy (zemepisná šírka a zemepisná dĺžka) pre adresu" />
              <Title languagecode="1060" description="Geokodiranje naslova (pridobivanje zemljepisne širine in dolžine)" />
              <Title languagecode="3098" description="Преузмите географске кодове (географска ширина и географска дужина) за адресу" />
              <Title languagecode="2074" description="Preuzmite geografske kodove (geografska širina i geografska dužina) za adresu" />
              <Title languagecode="1053" description="Hämta geokoder (latitud och longitud) för adressen" />
              <Title languagecode="1054" description="รับรหัสพิกัด (ละติจูดและลองจิจูด) ของที่อยู่" />
              <Title languagecode="1055" description="Adres için Coğrafi Kodları (Enlem ve Boylam) alın" />
              <Title languagecode="1058" description="Отримати геокоди (довгота й широта) для адреси" />
              <Title languagecode="1066" description="Nhận Mã Địa lý (Vĩ độ và Kinh độ) cho địa chỉ này" />
              <Title languagecode="2052" description="获取地址的地理代码(纬度和经度)" />
              <Title languagecode="3076" description="取得地址的地理編碼 (緯度和經度)" />
              <Title languagecode="1028" description="取得地址的地理編碼 (緯度和經度)" />
            </Titles>
          </LocLabel>
          <LocLabel Id="FieldServiceFieldService.HomepageGrid.account.MainTab.HomeLocationGroup.B_buttonGeoCodeM.LabelText">
            <Titles>
              <Title languagecode="1033" description="Geo Code" />
              <Title languagecode="1025" description="الرمز الجغرافي" />
              <Title languagecode="1026" description="Геокод" />
              <Title languagecode="1027" description="Codi geogràfic" />
              <Title languagecode="1029" description="Geokódovat" />
              <Title languagecode="1030" description="Geokode" />
              <Title languagecode="1031" description="Geocode" />
              <Title languagecode="1032" description="Γεωγραφικός κωδικός" />
              <Title languagecode="3082" description="Código geográfico" />
              <Title languagecode="1061" description="Geokood" />
              <Title languagecode="1069" description="Kode geografikoa" />
              <Title languagecode="1035" description="Maantieteellinen koodi" />
              <Title languagecode="1036" description="Code géographique" />
              <Title languagecode="1110" description="Xeocodificación" />
              <Title languagecode="1037" description="קוד גיאוגרפי" />
              <Title languagecode="1081" description="जियो कोड" />
              <Title languagecode="1050" description="Geografski kod" />
              <Title languagecode="1038" description="Geokódolás" />
              <Title languagecode="1057" description="Kode Geografis" />
              <Title languagecode="1040" description="Codice geografico" />
              <Title languagecode="1041" description="ジオコード" />
              <Title languagecode="1087" description="Гео код" />
              <Title languagecode="1042" description="지역 코드" />
              <Title languagecode="1063" description="Geokodas" />
              <Title languagecode="1062" description="Ģeogrāfiskais kods" />
              <Title languagecode="1086" description="Geo Kod" />
              <Title languagecode="1044" description="Geokode" />
              <Title languagecode="1043" description="Geocode" />
              <Title languagecode="1045" description="Geokodowanie" />
              <Title languagecode="1046" description="Geocódigo" />
              <Title languagecode="2070" description="Código Geográfico" />
              <Title languagecode="1048" description="Geocodare" />
              <Title languagecode="1049" description="Геокод" />
              <Title languagecode="1051" description="Geografický kód" />
              <Title languagecode="1060" description="Geokodiranje" />
              <Title languagecode="3098" description="Географско кодирање" />
              <Title languagecode="2074" description="Geografsko kodiranje" />
              <Title languagecode="1053" description="Geokod" />
              <Title languagecode="1054" description="รหัสพิกัด" />
              <Title languagecode="1055" description="Coğrafi Kod" />
              <Title languagecode="1058" description="Геокод" />
              <Title languagecode="1066" description="Mã Địa lý" />
              <Title languagecode="2052" description="地理编码" />
              <Title languagecode="3076" description="地理編碼" />
              <Title languagecode="1028" description="地理編碼" />
            </Titles>
          </LocLabel>
        </LocLabels>
      </RibbonDiffXml>
    </Entity>
  </Entities>
  <Roles></Roles>
  <Workflows></Workflows>
  <FieldSecurityProfiles></FieldSecurityProfiles>
  <Templates />
  <EntityMaps />
  <EntityRelationships />
  <OrganizationSettings />
  <optionsets />
  <CustomControls />
  <EntityDataProviders />
  <Languages>
    <Language>1033</Language>
    <Language>1036</Language>
  </Languages>
</ImportExportXml>